made_on,supplier,target_month,kwh_base,kwh_low,kwh_high
2026-10-05,Pure Energie,2026-11,0.42103,0.42103,0.42103
2026-10-05,Pure Energie,2026-12,0.4331,0.40303,0.46316
2026-10-05,Pure Energie,2027-01,0.4331,0.40303,0.46316
2026-10-05,Innova Energie,2026-11,0.35104,0.35104,0.35104
2026-10-05,Innova Energie,2026-12,0.3631,0.33304,0.39317
2026-10-05,Innova Energie,2027-01,0.3631,0.33304,0.39317
2026-10-05,Delta Energie,2026-11,0.33062,0.33062,0.33062
2026-10-05,Delta Energie,2026-12,0.34268,0.31262,0.37275
2026-10-05,Delta Energie,2027-01,0.34268,0.31262,0.37275
2026-10-05,Oxxio,2026-11,0.38909,0.38909,0.38909
2026-10-05,Oxxio,2026-12,0.40115,0.37109,0.43122
2026-10-05,Oxxio,2027-01,0.40115,0.37109,0.43122
2026-10-05,Eneco,2026-11,0.39365,0.39365,0.39365
2026-10-05,Eneco,2026-12,0.40571,0.37565,0.43578
2026-10-05,Eneco,2027-01,0.40571,0.37565,0.43578
2026-10-06,Pure Energie,2026-11,0.42103,0.42103,0.42103
2026-10-06,Pure Energie,2026-12,0.43512,0.40474,0.46549
2026-10-06,Pure Energie,2027-01,0.43512,0.40474,0.46549
2026-10-06,Innova Energie,2026-11,0.35104,0.35104,0.35104
2026-10-06,Innova Energie,2026-12,0.36512,0.33475,0.3955
2026-10-06,Innova Energie,2027-01,0.36512,0.33475,0.3955
2026-10-06,Delta Energie,2026-11,0.33062,0.33062,0.33062
2026-10-06,Delta Energie,2026-12,0.3447,0.31433,0.37508
2026-10-06,Delta Energie,2027-01,0.3447,0.31433,0.37508
2026-10-06,Mega,2026-11,0.42215,0.42215,0.42215
2026-10-06,Mega,2026-12,0.43623,0.40586,0.46661
2026-10-06,Mega,2027-01,0.43623,0.40586,0.46661
2026-10-06,Oxxio,2026-11,0.38909,0.38909,0.38909
2026-10-06,Oxxio,2026-12,0.40317,0.3728,0.43355
2026-10-06,Oxxio,2027-01,0.40317,0.3728,0.43355
2026-10-06,Eneco,2026-11,0.39365,0.39365,0.39365
2026-10-06,Eneco,2026-12,0.40773,0.37736,0.43811
2026-10-06,Eneco,2027-01,0.40773,0.37736,0.43811
