supplier,contract_type,product,valid_from,kwh_single,kwh_normal,kwh_dal,tax_basis,fixed_supply_eur_month,fixed_supply_eur_day,fixed_supply_eur_year,dynamic_markup_eur_kwh,welcome_bonus_eur,source_type,source_url,found_at,notes,assumption
Frank Energie,dynamic,Dynamisch,2026-10-05,,,,incl,7.25,,,0.0182,0,comparison,https://jeroen.nl/dynamische-energie/aanbieders,2026-10-05T15:28:26+00:00,jeroen.nl provider table (Oct 2026); valid-from not published,VAT inclusion of markup and fixed charge not stated on source
Tibber,dynamic,Dynamisch,2026-10-05,,,,incl,6.99,,,0.018,0,comparison,https://jeroen.nl/dynamische-energie/aanbieders,2026-10-05T15:28:26+00:00,jeroen.nl provider table (Oct 2026); valid-from not published,VAT inclusion of markup and fixed charge not stated on source
Zonneplan,dynamic,Dynamisch,2026-10-05,,,,incl,6.25,,,0.02,0,comparison,https://jeroen.nl/dynamische-energie/aanbieders,2026-10-05T15:28:26+00:00,jeroen.nl provider table (Oct 2026); valid-from not published,VAT inclusion of markup and fixed charge not stated on source
ANWB Energie,dynamic,Dynamisch,2026-10-05,,,,incl,8.5,,,0.018,0,comparison,https://jeroen.nl/dynamische-energie/aanbieders,2026-10-05T15:28:26+00:00,jeroen.nl provider table (Oct 2026); valid-from not published,VAT inclusion of markup and fixed charge not stated on source
NextEnergy,dynamic,Dynamisch,2026-10-05,,,,incl,5.99,,,0.0219,0,comparison,https://jeroen.nl/dynamische-energie/aanbieders,2026-10-05T15:28:26+00:00,jeroen.nl provider table (Oct 2026); valid-from not published,VAT inclusion of markup and fixed charge not stated on source
Essent,fixed_1y,Vast (1y) via energievergelijk.nl,2026-10-05,0.321,,,incl,,,,,0,comparison,https://www.energievergelijk.nl/energievergelijker/vast-contract-energie,2026-10-05T15:28:26+00:00,energievergelijk.nl top-5 table dated 2026-10-05; valid-from not published; fixed charge not shown,"price assumed incl. energy tax and VAT, single tariff; fixed charge unknown; new-customer offer"
Oxxio,fixed_1y,Vast (1y) via energievergelijk.nl,2026-10-05,0.299,,,incl,,,,,0,comparison,https://www.energievergelijk.nl/energievergelijker/vast-contract-energie,2026-10-05T15:28:26+00:00,energievergelijk.nl top-5 table dated 2026-10-05; valid-from not published; fixed charge not shown,"price assumed incl. energy tax and VAT, single tariff; fixed charge unknown; new-customer offer"
United Consumers,fixed_1y,Vast (1y) via energievergelijk.nl,2026-10-05,0.303,,,incl,,,,,0,comparison,https://www.energievergelijk.nl/energievergelijker/vast-contract-energie,2026-10-05T15:28:26+00:00,energievergelijk.nl top-5 table dated 2026-10-05; valid-from not published; fixed charge not shown,"price assumed incl. energy tax and VAT, single tariff; fixed charge unknown; new-customer offer"
Budget Energie,fixed_1y,Vast (1y) via energievergelijk.nl,2026-10-05,0.309,,,incl,,,,,0,comparison,https://www.energievergelijk.nl/energievergelijker/vast-contract-energie,2026-10-05T15:28:26+00:00,energievergelijk.nl top-5 table dated 2026-10-05; valid-from not published; fixed charge not shown,"price assumed incl. energy tax and VAT, single tariff; fixed charge unknown; new-customer offer"
Energiedirect,fixed_1y,Vast (1y) via energievergelijk.nl,2026-10-05,0.299,,,incl,,,,,0,comparison,https://www.energievergelijk.nl/energievergelijker/vast-contract-energie,2026-10-05T15:28:26+00:00,energievergelijk.nl top-5 table dated 2026-10-05; valid-from not published; fixed charge not shown,"price assumed incl. energy tax and VAT, single tariff; fixed charge unknown; new-customer offer"
Innova Energie,fixed_3y,Vast (3y) via energievergelijk.nl,2026-10-05,0.287,,,incl,,,,,0,comparison,https://www.energievergelijk.nl/energievergelijker/vast-contract-energie,2026-10-05T15:28:26+00:00,energievergelijk.nl top-5 table dated 2026-10-05; valid-from not published; fixed charge not shown,"price assumed incl. energy tax and VAT, single tariff; fixed charge unknown; new-customer offer"
Budget Energie,fixed_3y,Vast (3y) via energievergelijk.nl,2026-10-05,0.263,,,incl,,,,,0,comparison,https://www.energievergelijk.nl/energievergelijker/vast-contract-energie,2026-10-05T15:28:26+00:00,energievergelijk.nl top-5 table dated 2026-10-05; valid-from not published; fixed charge not shown,"price assumed incl. energy tax and VAT, single tariff; fixed charge unknown; new-customer offer"
Energiedirect,fixed_3y,Vast (3y) via energievergelijk.nl,2026-10-05,0.267,,,incl,,,,,0,comparison,https://www.energievergelijk.nl/energievergelijker/vast-contract-energie,2026-10-05T15:28:26+00:00,energievergelijk.nl top-5 table dated 2026-10-05; valid-from not published; fixed charge not shown,"price assumed incl. energy tax and VAT, single tariff; fixed charge unknown; new-customer offer"
