supplier,product,valid_from,kwh_single,kwh_normal,kwh_dal,tax_basis,fixed_supply_eur_month,fixed_supply_eur_day,fixed_supply_eur_year,welcome_bonus_eur,feedin_payment_eur_kwh,feedin_cost_eur_kwh,feedin_cost_desc,source_type,source_url,fixed_source_url,found_at,notes
Innova Energie,Modelcontract variabel,2026-10-01,0.31861,0.32769,0.31362,incl,18.55,,,0,,0.13310,0.13310/kWh incl VAT,official,https://www.innovaenergie.nl/wp-content/uploads/2026/09/Innova-Tariefblad_MODELCONTRACT_VAR-per-01-10-2026-2026.09.23-v1.0.pdf,https://www.innovaenergie.nl/wp-content/uploads/2026/09/Innova-Tariefblad_MODELCONTRACT_VAR-per-01-10-2026-2026.09.23-v1.0.pdf,2026-10-04T12:00:00+02:00,valid from 1 Oct 2026; sheet gives fixed EUR 222.64/yr incl VAT
Pure Energie,Modelcontract variabel,2026-09-21,0.36495,,,incl,,0.36121,,0,0.11000,0.17500,0.17500/kWh,official,https://pure-energie.nl/assets/Tarieven/Modelcontract/Modelcontract-consument-variabel-per-21-9-2026.pdf,https://pure-energie.nl/assets/Tarieven/Modelcontract/Modelcontract-consument-variabel-per-21-9-2026.pdf,2026-10-04T12:00:00+02:00,valid from 21-9-2026; fixed charge EUR 0.36121/day incl VAT
Delta Energie,DELTA Modelcontract Groene Stroom variabel,2026-10-01,0.29819,,,incl,9.49,,,0,0.0400,0.0395,0.0395/kWh incl VAT,official,https://www.deltaenergie.nl/media/0qfbz3jg/modelcontract-variabel-delta-groene-stroom-en-delta-gas-consument-1-oktober-2026_.pdf,https://www.deltaenergie.nl/media/0qfbz3jg/modelcontract-variabel-delta-groene-stroom-en-delta-gas-consument-1-oktober-2026_.pdf,2026-10-04T12:00:00+02:00,valid from 1 Oct 2026
Oxxio,Oxxio Modelcontract Variabel,2026-10-04,0.35666,0.35717,0.35423,incl,10.49,,,0,0.12317,0.04216,0.04216/kWh incl VAT,official,https://www.oxxio.nl/stroom-en-gas/modelcontract/,,2026-10-04T12:00:00+02:00,"read from the page's public tariff API on 2026-10-04; valid-from not published; valid-from not published, observation date used"
Mega,Variabel contract,2026-10-01,0.35534,0.36261,0.33661,incl,,,,0,,,,official,https://www.mega.nl/variabel-contract-ontwikkeling-prijzen/,,2026-10-04T12:00:00+02:00,row 10-2026 of monthly table; fixed EUR 102.85/yr on same page (VAT basis unstated) so left empty
Coolblue Energie,Modelcontract variabel,2026-10-04,0.4221811,0.4483171,0.3922941,incl,10.99,,,0,0.1290,0.1240,0.1240/kWh,official,https://www.coolblue.nl/energiecontracten/modelcontract,https://www.coolblue.nl/energiecontracten/modelcontract,2026-10-04T12:00:00+02:00,"valid-from not shown; VAT inclusion of tariff and fixed charge not explicit on page; valid-from not published, observation date used"
Vattenfall,Modelcontract Stroom variabel,2026-10-04,,0.32841,0.32841,incl,,,,0,0.123,,"free up to 500 kWh, EUR 70/yr for 501-750 kWh, higher above",comparison,https://www.keuze.nl/energie/energieleveranciers/vattenfall,,2026-10-04T12:00:00+02:00,"comparison site (dated 2026-10-04); Vattenfall own page needs postcode; fixed charge not found; valid-from not published, observation date used"
Eneco,Modelcontract variabel,2026-10-04,,0.36144,0.35820,incl,,,,0,0.10355,0.141,0.141/kWh on all returned electricity,comparison,https://www.keuze.nl/energie/energieleveranciers/eneco,,2026-10-04T12:00:00+02:00,"comparison site (dated 2026-10-04); fixed charge unverified so left empty; valid-from not published, observation date used"
Greenchoice,Variabel,2026-10-04,,0.37350,0.38560,incl,,,,0,0.14100,0.136,0.136/kWh,comparison,https://www.keuze.nl/energie/energieleveranciers/greenchoice,,2026-10-04T12:00:00+02:00,"comparison site only; dal above normal looks odd; fixed charge not found; valid-from not published, observation date used"
Budget Energie,Modelcontract Energie (Budget Thuis),2026-10-04,0.21780,0.21998,0.21562,excl_eb,9.99,,,0,0.09000,0.0875,0.0875/kWh single,official,https://www.budgetthuis.nl/energie/modelcontract?client_type=z,https://www.budgetthuis.nl/energie/modelcontract?client_type=z,2026-10-04T12:00:00+02:00,"delivery tariff incl 21% VAT, energy tax not included (inferred); valid-from not stated; valid-from not published, observation date used"
Vandebron,Variabel modelcontract,2026-10-04,,0.38628,0.34297,incl,,,,0,0.17664,,,comparison,https://www.keuze.nl/energie/energieleveranciers/vandebron,,2026-10-04T12:00:00+02:00,"low confidence: comparison site only, not confirmed on Vandebron's own site; fixed charge not found; valid-from not published, observation date used"
Essent,Variabel (modelcontract),2026-10-01,0.3109,,,incl,,,,0,,,,official,https://www.essent.nl/over-essent/nieuws/essent-past-variabele-tarieven-aan-per-1-oktober-2026/,,2026-10-04T20:49:24+02:00,"Essent news: new variable electricity tariff from 1 Oct 2026; fixed charge not found on a consumer tariff sheet (searched essent.nl, keuze.nl, selectra.nl); keuze.nl shows different single/normal values so own page used"
Energiedirect,Variabel,2026-10-04,,0.38185,0.37822,incl,,,,0,0.15,,,comparison,https://www.keuze.nl/energie/energieleveranciers/energiedirect,,2026-10-04T20:49:24+02:00,"comparison site only (dated 2026-10-04); fixed charge not found; valid-from not published, observation date used"
