date,supplier,product,kwh_single,kwh_normal,kwh_dal,tax_basis,fixed_supply_eur_month,welcome_bonus_eur,feedin_payment_eur_kwh,feedin_cost_desc,source_url,fixed_source_url,checked_at,notes
2026-10-04,Innova Energie,Modelcontract variabel,0.31861,0.32769,0.31362,incl,18.55,0,,0.13310/kWh incl VAT,https://www.innovaenergie.nl/wp-content/uploads/2026/09/Innova-Tariefblad_MODELCONTRACT_VAR-per-01-10-2026-2026.09.23-v1.0.pdf,https://www.innovaenergie.nl/wp-content/uploads/2026/09/Innova-Tariefblad_MODELCONTRACT_VAR-per-01-10-2026-2026.09.23-v1.0.pdf,2026-10-04T12:00:00+02:00,valid from 1 Oct 2026; sheet gives fixed EUR 222.64/yr incl VAT
2026-10-04,Pure Energie,Modelcontract variabel,0.36495,,,incl,,0,0.11000,0.17500/kWh,https://pure-energie.nl/assets/Tarieven/Modelcontract/Modelcontract-consument-variabel-per-21-9-2026.pdf,,2026-10-04T12:00:00+02:00,valid from 21-9-2026; fixed charge published per day (EUR 0.36121/day incl VAT) so left empty
2026-10-04,Delta Energie,DELTA Modelcontract Groene Stroom variabel,0.29819,,,incl,9.49,0,0.0400,0.0395/kWh incl VAT,https://www.deltaenergie.nl/media/0qfbz3jg/modelcontract-variabel-delta-groene-stroom-en-delta-gas-consument-1-oktober-2026_.pdf,https://www.deltaenergie.nl/media/0qfbz3jg/modelcontract-variabel-delta-groene-stroom-en-delta-gas-consument-1-oktober-2026_.pdf,2026-10-04T12:00:00+02:00,valid from 1 Oct 2026
2026-10-04,Oxxio,Oxxio Modelcontract Variabel,0.35666,0.35717,0.35423,incl,10.49,0,0.12317,0.04216/kWh incl VAT,https://www.oxxio.nl/stroom-en-gas/modelcontract/,,2026-10-04T12:00:00+02:00,read from the page's public tariff API on 2026-10-04; valid-from not published
2026-10-04,Mega,Variabel contract,0.35534,0.36261,0.33661,incl,,0,,,https://www.mega.nl/variabel-contract-ontwikkeling-prijzen/,,2026-10-04T12:00:00+02:00,row 10-2026 of monthly table; fixed EUR 102.85/yr on same page (VAT basis unstated) so left empty
2026-10-04,Coolblue Energie,Modelcontract variabel,0.4221811,0.4483171,0.3922941,incl,10.99,0,0.1290,0.1240/kWh,https://www.coolblue.nl/energiecontracten/modelcontract,https://www.coolblue.nl/energiecontracten/modelcontract,2026-10-04T12:00:00+02:00,valid-from not shown; VAT inclusion of tariff and fixed charge not explicit on page
2026-10-04,Vattenfall,Modelcontract Stroom variabel,,0.32841,0.32841,incl,,0,0.123,"free up to 500 kWh, EUR 70/yr for 501-750 kWh, higher above",https://www.keuze.nl/energie/energieleveranciers/vattenfall,,2026-10-04T12:00:00+02:00,comparison site (dated 2026-10-04); Vattenfall own page needs postcode; fixed charge not found
2026-10-04,Eneco,Modelcontract variabel,,0.36144,0.35820,incl,,0,0.10355,0.141/kWh on all returned electricity,https://www.keuze.nl/energie/energieleveranciers/eneco,,2026-10-04T12:00:00+02:00,comparison site (dated 2026-10-04); fixed charge unverified so left empty
2026-10-04,Greenchoice,Variabel,,0.37350,0.38560,incl,,0,0.14100,0.136/kWh,https://www.keuze.nl/energie/energieleveranciers/greenchoice,,2026-10-04T12:00:00+02:00,comparison site only; dal above normal looks odd; fixed charge not found
2026-10-04,Budget Energie,Modelcontract Energie (Budget Thuis),0.21780,0.21998,0.21562,excl_eb,9.99,0,0.09000,0.0875/kWh single,https://www.budgetthuis.nl/energie/modelcontract?client_type=z,https://www.budgetthuis.nl/energie/modelcontract?client_type=z,2026-10-04T12:00:00+02:00,"delivery tariff incl 21% VAT, energy tax not included (inferred); valid-from not stated"
2026-10-04,Vandebron,Variabel modelcontract,,0.38628,0.34297,incl,,0,0.17664,,https://www.keuze.nl/energie/energieleveranciers/vandebron,,2026-10-04T12:00:00+02:00,"low confidence: comparison site only, not confirmed on Vandebron's own site; fixed charge not found"
